x,y,monitoring_location_id,time_series_id,parameter_code,time,value,statistic_id,unit_of_measure,approval_status,qualifier,last_modified
-118.148849411137,46.7584830972143,USGS-13351000,8b42a39cd2954849816ca3ebfc8201f0,00060,2025-11-17,79.1,00003,ft^3/s,Provisional,,2025-11-18 12:44:23.356370+00:00
-118.148849411137,46.7584830972143,USGS-13351000,8b42a39cd2954849816ca3ebfc8201f0,00060,2025-11-16,76.4,00003,ft^3/s,Provisional,,2025-11-17 12:42:00.382066+00:00
-118.148849411137,46.7584830972143,USGS-13351000,8b42a39cd2954849816ca3ebfc8201f0,00060,2025-11-15,77.4,00003,ft^3/s,Provisional,,2025-11-16 12:36:32.206662+00:00
-118.148849411137,46.7584830972143,USGS-13351000,8b42a39cd2954849816ca3ebfc8201f0,00060,2025-11-14,80.3,00003,ft^3/s,Provisional,,2025-11-15 12:39:08.525674+00:00
-118.148849411137,46.7584830972143,USGS-13351000,8b42a39cd2954849816ca3ebfc8201f0,00060,2025-11-13,80.3,00003,ft^3/s,Provisional,,2025-11-14 12:38:09.042327+00:00
-118.148849411137,46.7584830972143,USGS-13351000,8b42a39cd2954849816ca3ebfc8201f0,00060,2025-11-12,81.6,00003,ft^3/s,Provisional,,2025-11-13 12:16:55.226726+00:00
-118.148849411137,46.7584830972143,USGS-13351000,8b42a39cd2954849816ca3ebfc8201f0,00060,2025-11-11,83.0,00003,ft^3/s,Provisional,,2025-11-12 12:44:51.223111+00:00
-118.148849411137,46.7584830972143,USGS-13351000,8b42a39cd2954849816ca3ebfc8201f0,00060,2025-11-10,82.6,00003,ft^3/s,Provisional,,2025-11-11 12:35:06.417859+00:00
-118.148849411137,46.7584830972143,USGS-13351000,8b42a39cd2954849816ca3ebfc8201f0,00060,2025-11-09,84.8,00003,ft^3/s,Provisional,,2025-11-10 12:41:53.238406+00:00
-118.148849411137,46.7584830972143,USGS-13351000,8b42a39cd2954849816ca3ebfc8201f0,00060,2025-11-08,76.1,00003,ft^3/s,Provisional,,2025-11-09 12:33:11.914925+00:00
-118.148849411137,46.7584830972143,USGS-13351000,8b42a39cd2954849816ca3ebfc8201f0,00060,2025-11-07,76.8,00003,ft^3/s,Provisional,,2025-11-08 12:37:49.710785+00:00
-118.148849411137,46.7584830972143,USGS-13351000,8b42a39cd2954849816ca3ebfc8201f0,00060,2025-11-06,73.2,00003,ft^3/s,Provisional,,2025-11-07 12:49:04.222074+00:00
-118.148849411137,46.7584830972143,USGS-13351000,8b42a39cd2954849816ca3ebfc8201f0,00060,2025-11-05,69.6,00003,ft^3/s,Provisional,,2025-11-06 13:11:32.756754+00:00
-118.148849411137,46.7584830972143,USGS-13351000,8b42a39cd2954849816ca3ebfc8201f0,00060,2025-11-04,69.1,00003,ft^3/s,Provisional,,2025-11-05 13:13:02.747248+00:00
-118.148849411137,46.7584830972143,USGS-13351000,8b42a39cd2954849816ca3ebfc8201f0,00060,2025-11-03,60.8,00003,ft^3/s,Provisional,,2025-11-04 12:56:58.314482+00:00
-118.148849411137,46.7584830972143,USGS-13351000,8b42a39cd2954849816ca3ebfc8201f0,00060,2025-11-02,61.4,00003,ft^3/s,Provisional,,2025-11-03 13:34:08.211467+00:00
-118.148849411137,46.7584830972143,USGS-13351000,8b42a39cd2954849816ca3ebfc8201f0,00060,2025-11-01,62.1,00003,ft^3/s,Provisional,,2025-11-02 13:15:33.281443+00:00
-118.148849411137,46.7584830972143,USGS-13351000,8b42a39cd2954849816ca3ebfc8201f0,00060,2025-10-31,61.8,00003,ft^3/s,Provisional,,2025-11-01 13:13:45.935515+00:00
-118.148849411137,46.7584830972143,USGS-13351000,8b42a39cd2954849816ca3ebfc8201f0,00060,2025-10-30,62.9,00003,ft^3/s,Provisional,,2025-10-31 13:03:33.089985+00:00
-118.148849411137,46.7584830972143,USGS-13351000,8b42a39cd2954849816ca3ebfc8201f0,00060,2025-10-29,64.4,00003,ft^3/s,Provisional,,2025-10-30 13:21:28.074087+00:00
-118.148849411137,46.7584830972143,USGS-13351000,8b42a39cd2954849816ca3ebfc8201f0,00060,2025-10-28,60.2,00003,ft^3/s,Provisional,,2025-10-29 13:03:49.357489+00:00
-118.148849411137,46.7584830972143,USGS-13351000,8b42a39cd2954849816ca3ebfc8201f0,00060,2025-10-27,58.5,00003,ft^3/s,Provisional,,2025-10-28 13:08:17.656188+00:00
-118.148849411137,46.7584830972143,USGS-13351000,8b42a39cd2954849816ca3ebfc8201f0,00060,2025-10-26,59.5,00003,ft^3/s,Provisional,,2025-10-27 13:14:30.814978+00:00
-118.148849411137,46.7584830972143,USGS-13351000,8b42a39cd2954849816ca3ebfc8201f0,00060,2025-10-25,60.7,00003,ft^3/s,Provisional,,2025-10-26 12:58:13.731383+00:00
-118.148849411137,46.7584830972143,USGS-13351000,8b42a39cd2954849816ca3ebfc8201f0,00060,2025-10-24,61.5,00003,ft^3/s,Provisional,,2025-10-25 13:02:00.972114+00:00
-118.148849411137,46.7584830972143,USGS-13351000,8b42a39cd2954849816ca3ebfc8201f0,00060,2025-10-23,61.2,00003,ft^3/s,Provisional,,2025-10-24 12:58:12.618897+00:00
-118.148849411137,46.7584830972143,USGS-13351000,8b42a39cd2954849816ca3ebfc8201f0,00060,2025-10-22,64.6,00003,ft^3/s,Provisional,,2025-10-23 13:04:30.645350+00:00
-118.148849411137,46.7584830972143,USGS-13351000,8b42a39cd2954849816ca3ebfc8201f0,00060,2025-10-21,66.0,00003,ft^3/s,Provisional,,2025-10-22 13:00:27.651138+00:00
-118.148849411137,46.7584830972143,USGS-13351000,8b42a39cd2954849816ca3ebfc8201f0,00060,2025-10-20,60.2,00003,ft^3/s,Provisional,,2025-10-21 12:47:30.453468+00:00
-118.148849411137,46.7584830972143,USGS-13351000,8b42a39cd2954849816ca3ebfc8201f0,00060,2025-10-19,59.3,00003,ft^3/s,Provisional,,2025-10-20 12:38:13.873662+00:00
-118.148849411137,46.7584830972143,USGS-13351000,8b42a39cd2954849816ca3ebfc8201f0,00060,2025-10-18,54.0,00003,ft^3/s,Provisional,,2025-10-19 12:44:40.312611+00:00
-118.148849411137,46.7584830972143,USGS-13351000,8b42a39cd2954849816ca3ebfc8201f0,00060,2025-10-17,50.1,00003,ft^3/s,Provisional,,2025-10-18 12:27:21.283432+00:00
-118.148849411137,46.7584830972143,USGS-13351000,8b42a39cd2954849816ca3ebfc8201f0,00060,2025-10-16,48.1,00003,ft^3/s,Provisional,,2025-10-17 12:39:58.114888+00:00
-118.148849411137,46.7584830972143,USGS-13351000,8b42a39cd2954849816ca3ebfc8201f0,00060,2025-10-15,47.0,00003,ft^3/s,Provisional,,2025-10-16 12:46:32.130671+00:00
-118.148849411137,46.7584830972143,USGS-13351000,8b42a39cd2954849816ca3ebfc8201f0,00060,2025-10-14,46.1,00003,ft^3/s,Provisional,,2025-10-15 12:46:59.821327+00:00
-118.148849411137,46.7584830972143,USGS-13351000,8b42a39cd2954849816ca3ebfc8201f0,00060,2025-10-13,42.2,00003,ft^3/s,Provisional,,2025-10-14 12:25:43.484873+00:00
-118.148849411137,46.7584830972143,USGS-13351000,8b42a39cd2954849816ca3ebfc8201f0,00060,2025-10-12,37.4,00003,ft^3/s,Provisional,,2025-10-13 13:25:17.458073+00:00
-118.148849411137,46.7584830972143,USGS-13351000,8b42a39cd2954849816ca3ebfc8201f0,00060,2025-10-11,35.2,00003,ft^3/s,Provisional,,2025-10-12 12:58:35.415251+00:00
-118.148849411137,46.7584830972143,USGS-13351000,8b42a39cd2954849816ca3ebfc8201f0,00060,2025-10-10,35.5,00003,ft^3/s,Provisional,,2025-10-11 13:09:09.289971+00:00
-118.148849411137,46.7584830972143,USGS-13351000,8b42a39cd2954849816ca3ebfc8201f0,00060,2025-10-09,37.7,00003,ft^3/s,Provisional,,2025-10-10 13:09:48.351174+00:00
-118.148849411137,46.7584830972143,USGS-13351000,8b42a39cd2954849816ca3ebfc8201f0,00060,2025-10-08,40.1,00003,ft^3/s,Provisional,,2025-10-09 13:04:08.305122+00:00
-118.148849411137,46.7584830972143,USGS-13351000,8b42a39cd2954849816ca3ebfc8201f0,00060,2025-10-07,38.1,00003,ft^3/s,Provisional,,2025-10-08 13:04:15.724692+00:00
-118.148849411137,46.7584830972143,USGS-13351000,8b42a39cd2954849816ca3ebfc8201f0,00060,2025-10-06,37.1,00003,ft^3/s,Provisional,,2025-10-07 13:00:10.578113+00:00
-118.148849411137,46.7584830972143,USGS-13351000,8b42a39cd2954849816ca3ebfc8201f0,00060,2025-10-05,36.0,00003,ft^3/s,Provisional,,2025-10-06 13:07:02.106520+00:00
-118.148849411137,46.7584830972143,USGS-13351000,8b42a39cd2954849816ca3ebfc8201f0,00060,2025-10-04,35.7,00003,ft^3/s,Provisional,,2025-10-05 13:06:27.581222+00:00
-118.148849411137,46.7584830972143,USGS-13351000,8b42a39cd2954849816ca3ebfc8201f0,00060,2025-10-03,35.1,00003,ft^3/s,Provisional,,2025-10-04 13:10:51.800376+00:00
-118.148849411137,46.7584830972143,USGS-13351000,8b42a39cd2954849816ca3ebfc8201f0,00060,2025-10-02,34.1,00003,ft^3/s,Provisional,,2025-10-03 13:02:40.594825+00:00
-118.148849411137,46.7584830972143,USGS-13351000,8b42a39cd2954849816ca3ebfc8201f0,00060,2025-10-01,31.0,00003,ft^3/s,Provisional,,2025-10-02 12:47:38.316861+00:00
-118.148849411137,46.7584830972143,USGS-13351000,8b42a39cd2954849816ca3ebfc8201f0,00060,2025-09-30,29.5,00003,ft^3/s,Provisional,,2025-10-01 12:53:12.429450+00:00
-118.148849411137,46.7584830972143,USGS-13351000,8b42a39cd2954849816ca3ebfc8201f0,00060,2025-09-29,29.6,00003,ft^3/s,Provisional,,2025-10-01 12:53:12.429450+00:00
-118.148849411137,46.7584830972143,USGS-13351000,8b42a39cd2954849816ca3ebfc8201f0,00060,2025-09-28,27.5,00003,ft^3/s,Provisional,,2025-09-29 13:01:19.492028+00:00
-118.148849411137,46.7584830972143,USGS-13351000,8b42a39cd2954849816ca3ebfc8201f0,00060,2025-09-27,24.2,00003,ft^3/s,Provisional,,2025-09-28 12:56:02.316869+00:00
-118.148849411137,46.7584830972143,USGS-13351000,8b42a39cd2954849816ca3ebfc8201f0,00060,2025-09-26,24.0,00003,ft^3/s,Provisional,,2025-09-27 13:00:40.074926+00:00
-118.148849411137,46.7584830972143,USGS-13351000,8b42a39cd2954849816ca3ebfc8201f0,00060,2025-09-25,25.6,00003,ft^3/s,Provisional,,2025-09-26 12:53:15.491461+00:00
-118.148849411137,46.7584830972143,USGS-13351000,8b42a39cd2954849816ca3ebfc8201f0,00060,2025-09-24,27.9,00003,ft^3/s,Provisional,,2025-09-25 13:05:12.241111+00:00
-118.148849411137,46.7584830972143,USGS-13351000,8b42a39cd2954849816ca3ebfc8201f0,00060,2025-09-23,29.6,00003,ft^3/s,Provisional,,2025-09-24 12:55:44.231256+00:00
-118.148849411137,46.7584830972143,USGS-13351000,8b42a39cd2954849816ca3ebfc8201f0,00060,2025-09-22,32.7,00003,ft^3/s,Provisional,,2025-09-23 12:45:03.537846+00:00
-118.148849411137,46.7584830972143,USGS-13351000,8b42a39cd2954849816ca3ebfc8201f0,00060,2025-09-21,28.3,00003,ft^3/s,Provisional,,2025-09-22 12:46:11.753465+00:00
-118.148849411137,46.7584830972143,USGS-13351000,8b42a39cd2954849816ca3ebfc8201f0,00060,2025-09-20,26.7,00003,ft^3/s,Provisional,,2025-09-21 12:36:46.911398+00:00
-118.148849411137,46.7584830972143,USGS-13351000,8b42a39cd2954849816ca3ebfc8201f0,00060,2025-09-19,26.2,00003,ft^3/s,Provisional,,2025-09-20 12:56:32.658996+00:00
-118.148849411137,46.7584830972143,USGS-13351000,8b42a39cd2954849816ca3ebfc8201f0,00060,2025-09-18,25.2,00003,ft^3/s,Provisional,,2025-09-19 12:39:18.944372+00:00
-118.148849411137,46.7584830972143,USGS-13351000,8b42a39cd2954849816ca3ebfc8201f0,00060,2025-09-17,24.8,00003,ft^3/s,Provisional,,2025-09-18 12:34:43.877886+00:00
-118.148849411137,46.7584830972143,USGS-13351000,8b42a39cd2954849816ca3ebfc8201f0,00060,2025-09-16,23.6,00003,ft^3/s,Provisional,,2025-09-17 12:54:54.859636+00:00
-118.148849411137,46.7584830972143,USGS-13351000,8b42a39cd2954849816ca3ebfc8201f0,00060,2025-09-15,22.9,00003,ft^3/s,Provisional,,2025-09-16 12:10:11.645453+00:00
-118.148849411137,46.7584830972143,USGS-13351000,8b42a39cd2954849816ca3ebfc8201f0,00060,2025-09-14,21.3,00003,ft^3/s,Provisional,,2025-09-15 12:05:17.098120+00:00
-118.148849411137,46.7584830972143,USGS-13351000,8b42a39cd2954849816ca3ebfc8201f0,00060,2025-09-13,19.5,00003,ft^3/s,Provisional,,2025-09-14 12:05:15.053381+00:00
-118.148849411137,46.7584830972143,USGS-13351000,8b42a39cd2954849816ca3ebfc8201f0,00060,2025-09-12,19.5,00003,ft^3/s,Provisional,,2025-09-13 12:53:48.830617+00:00
-118.148849411137,46.7584830972143,USGS-13351000,8b42a39cd2954849816ca3ebfc8201f0,00060,2025-09-11,20.7,00003,ft^3/s,Provisional,,2025-09-12 13:26:22.058284+00:00
-118.148849411137,46.7584830972143,USGS-13351000,8b42a39cd2954849816ca3ebfc8201f0,00060,2025-09-10,27.5,00003,ft^3/s,Provisional,,2025-09-11 12:40:28.932787+00:00
-118.148849411137,46.7584830972143,USGS-13351000,8b42a39cd2954849816ca3ebfc8201f0,00060,2025-09-09,24.0,00003,ft^3/s,Provisional,,2025-09-10 12:32:12.840450+00:00
-118.148849411137,46.7584830972143,USGS-13351000,8b42a39cd2954849816ca3ebfc8201f0,00060,2025-09-08,21.6,00003,ft^3/s,Provisional,,2025-09-09 12:35:52.708633+00:00
-118.148849411137,46.7584830972143,USGS-13351000,8b42a39cd2954849816ca3ebfc8201f0,00060,2025-09-07,18.3,00003,ft^3/s,Provisional,,2025-09-08 10:07:24.471414+00:00
-118.148849411137,46.7584830972143,USGS-13351000,8b42a39cd2954849816ca3ebfc8201f0,00060,2025-09-06,16.3,00003,ft^3/s,Provisional,,2025-09-07 10:08:04.516120+00:00
-118.148849411137,46.7584830972143,USGS-13351000,8b42a39cd2954849816ca3ebfc8201f0,00060,2025-09-05,14.4,00003,ft^3/s,Provisional,,2025-09-06 10:08:15.171349+00:00
-118.148849411137,46.7584830972143,USGS-13351000,8b42a39cd2954849816ca3ebfc8201f0,00060,2025-09-04,14.3,00003,ft^3/s,Provisional,,2025-09-05 10:07:45.493063+00:00
-118.148849411137,46.7584830972143,USGS-13351000,8b42a39cd2954849816ca3ebfc8201f0,00060,2025-09-03,16.7,00003,ft^3/s,Provisional,,2025-09-04 10:08:12.074960+00:00
-118.148849411137,46.7584830972143,USGS-13351000,8b42a39cd2954849816ca3ebfc8201f0,00060,2025-09-02,18.6,00003,ft^3/s,Provisional,,2025-09-03 10:08:01.811038+00:00
-118.148849411137,46.7584830972143,USGS-13351000,8b42a39cd2954849816ca3ebfc8201f0,00060,2025-09-01,21.4,00003,ft^3/s,Provisional,,2025-09-02 10:08:08.834453+00:00
-118.148849411137,46.7584830972143,USGS-13351000,8b42a39cd2954849816ca3ebfc8201f0,00060,2025-08-31,21.2,00003,ft^3/s,Provisional,,2025-09-01 10:08:03.687099+00:00
-118.148849411137,46.7584830972143,USGS-13351000,8b42a39cd2954849816ca3ebfc8201f0,00060,2025-08-30,20.5,00003,ft^3/s,Provisional,,2025-08-31 10:08:04.099294+00:00
-118.148849411137,46.7584830972143,USGS-13351000,8b42a39cd2954849816ca3ebfc8201f0,00060,2025-08-29,18.6,00003,ft^3/s,Provisional,,2025-08-30 10:08:22.399210+00:00
-118.148849411137,46.7584830972143,USGS-13351000,8b42a39cd2954849816ca3ebfc8201f0,00060,2025-08-28,17.0,00003,ft^3/s,Provisional,,2025-08-29 10:08:27.281642+00:00
-118.148849411137,46.7584830972143,USGS-13351000,8b42a39cd2954849816ca3ebfc8201f0,00060,2025-08-27,17.7,00003,ft^3/s,Provisional,,2025-08-28 10:08:22.412989+00:00
-118.148849411137,46.7584830972143,USGS-13351000,8b42a39cd2954849816ca3ebfc8201f0,00060,2025-08-26,19.2,00003,ft^3/s,Provisional,,2025-08-27 10:08:01.003512+00:00
-118.148849411137,46.7584830972143,USGS-13351000,8b42a39cd2954849816ca3ebfc8201f0,00060,2025-08-25,18.0,00003,ft^3/s,Provisional,,2025-08-26 10:07:42.861925+00:00
-118.148849411137,46.7584830972143,USGS-13351000,8b42a39cd2954849816ca3ebfc8201f0,00060,2025-08-24,17.8,00003,ft^3/s,Provisional,,2025-08-25 16:20:14.690864+00:00
-118.148849411137,46.7584830972143,USGS-13351000,8b42a39cd2954849816ca3ebfc8201f0,00060,2025-08-23,16.8,00003,ft^3/s,Provisional,,2025-08-25 16:20:14.690864+00:00
-118.148849411137,46.7584830972143,USGS-13351000,8b42a39cd2954849816ca3ebfc8201f0,00060,2025-08-22,17.9,00003,ft^3/s,Provisional,,2025-08-25 16:20:14.690864+00:00
-118.148849411137,46.7584830972143,USGS-13351000,8b42a39cd2954849816ca3ebfc8201f0,00060,2025-08-21,20.8,00003,ft^3/s,Provisional,,2025-08-25 16:20:14.690864+00:00
-118.148849411137,46.7584830972143,USGS-13351000,8b42a39cd2954849816ca3ebfc8201f0,00060,2025-08-20,22.5,00003,ft^3/s,Provisional,,2025-08-25 16:20:14.690864+00:00
-118.148849411137,46.7584830972143,USGS-13351000,8b42a39cd2954849816ca3ebfc8201f0,00060,2025-08-19,24.0,00003,ft^3/s,Provisional,,2025-08-25 16:20:14.690864+00:00
-118.148849411137,46.7584830972143,USGS-13351000,8b42a39cd2954849816ca3ebfc8201f0,00060,2025-08-18,24.6,00003,ft^3/s,Provisional,,2025-08-25 16:20:14.690864+00:00
-118.148849411137,46.7584830972143,USGS-13351000,8b42a39cd2954849816ca3ebfc8201f0,00060,2025-08-17,24.0,00003,ft^3/s,Provisional,,2025-08-25 16:22:10.311745+00:00
-118.148849411137,46.7584830972143,USGS-13351000,8b42a39cd2954849816ca3ebfc8201f0,00060,2025-08-16,23.0,00003,ft^3/s,Provisional,,2025-08-25 16:22:10.311745+00:00
-118.148849411137,46.7584830972143,USGS-13351000,8b42a39cd2954849816ca3ebfc8201f0,00060,2025-08-15,18.5,00003,ft^3/s,Provisional,,2025-08-25 16:22:10.311745+00:00
-118.148849411137,46.7584830972143,USGS-13351000,8b42a39cd2954849816ca3ebfc8201f0,00060,2025-08-14,18.9,00003,ft^3/s,Provisional,,2025-08-15 10:08:21.037386+00:00
-118.148849411137,46.7584830972143,USGS-13351000,8b42a39cd2954849816ca3ebfc8201f0,00060,2025-08-13,19.3,00003,ft^3/s,Provisional,,2025-08-14 10:07:45.587428+00:00
-118.148849411137,46.7584830972143,USGS-13351000,8b42a39cd2954849816ca3ebfc8201f0,00060,2025-08-12,19.7,00003,ft^3/s,Provisional,,2025-08-13 10:08:08.637350+00:00
-118.148849411137,46.7584830972143,USGS-13351000,8b42a39cd2954849816ca3ebfc8201f0,00060,2025-08-11,22.9,00003,ft^3/s,Provisional,,2025-08-12 10:08:02.860055+00:00
-118.148849411137,46.7584830972143,USGS-13351000,8b42a39cd2954849816ca3ebfc8201f0,00060,2025-08-10,24.1,00003,ft^3/s,Provisional,,2025-08-11 10:07:25.009523+00:00
-118.148849411137,46.7584830972143,USGS-13351000,8b42a39cd2954849816ca3ebfc8201f0,00060,2025-08-09,24.5,00003,ft^3/s,Provisional,,2025-08-10 10:07:28.303507+00:00
-118.148849411137,46.7584830972143,USGS-13351000,8b42a39cd2954849816ca3ebfc8201f0,00060,2025-08-08,24.9,00003,ft^3/s,Provisional,,2025-08-09 10:07:38.243709+00:00
-118.148849411137,46.7584830972143,USGS-13351000,8b42a39cd2954849816ca3ebfc8201f0,00060,2025-08-07,23.4,00003,ft^3/s,Provisional,,2025-08-08 10:08:04.113602+00:00
-118.148849411137,46.7584830972143,USGS-13351000,8b42a39cd2954849816ca3ebfc8201f0,00060,2025-08-06,23.5,00003,ft^3/s,Provisional,,2025-08-07 10:07:28.804492+00:00
-118.148849411137,46.7584830972143,USGS-13351000,8b42a39cd2954849816ca3ebfc8201f0,00060,2025-08-05,24.8,00003,ft^3/s,Provisional,,2025-08-06 10:07:34.755673+00:00
-118.148849411137,46.7584830972143,USGS-13351000,8b42a39cd2954849816ca3ebfc8201f0,00060,2025-08-04,27.8,00003,ft^3/s,Provisional,,2025-08-05 10:07:29.580767+00:00
-118.148849411137,46.7584830972143,USGS-13351000,8b42a39cd2954849816ca3ebfc8201f0,00060,2025-08-03,26.9,00003,ft^3/s,Provisional,,2025-08-04 10:07:48.735585+00:00
-118.148849411137,46.7584830972143,USGS-13351000,8b42a39cd2954849816ca3ebfc8201f0,00060,2025-08-02,26.4,00003,ft^3/s,Provisional,,2025-08-03 10:07:33.882064+00:00
-118.148849411137,46.7584830972143,USGS-13351000,8b42a39cd2954849816ca3ebfc8201f0,00060,2025-08-01,28.9,00003,ft^3/s,Provisional,,2025-08-02 10:07:46.294660+00:00
-118.148849411137,46.7584830972143,USGS-13351000,8b42a39cd2954849816ca3ebfc8201f0,00060,2025-07-31,27.9,00003,ft^3/s,Provisional,,2025-08-01 10:07:41.646581+00:00
-118.148849411137,46.7584830972143,USGS-13351000,8b42a39cd2954849816ca3ebfc8201f0,00060,2025-07-30,26.7,00003,ft^3/s,Provisional,,2025-07-31 10:07:32.469684+00:00
-118.148849411137,46.7584830972143,USGS-13351000,8b42a39cd2954849816ca3ebfc8201f0,00060,2025-07-29,27.6,00003,ft^3/s,Provisional,,2025-07-30 10:07:46.190547+00:00
-118.148849411137,46.7584830972143,USGS-13351000,8b42a39cd2954849816ca3ebfc8201f0,00060,2025-07-28,30.2,00003,ft^3/s,Provisional,,2025-07-29 10:07:46.651629+00:00
-118.148849411137,46.7584830972143,USGS-13351000,8b42a39cd2954849816ca3ebfc8201f0,00060,2025-07-27,32.1,00003,ft^3/s,Provisional,,2025-07-28 10:07:32.809727+00:00
-118.148849411137,46.7584830972143,USGS-13351000,8b42a39cd2954849816ca3ebfc8201f0,00060,2025-07-26,33.7,00003,ft^3/s,Provisional,,2025-07-27 10:07:54.582213+00:00
-118.148849411137,46.7584830972143,USGS-13351000,8b42a39cd2954849816ca3ebfc8201f0,00060,2025-07-25,38.3,00003,ft^3/s,Provisional,,2025-07-26 10:07:49.472218+00:00
-118.148849411137,46.7584830972143,USGS-13351000,8b42a39cd2954849816ca3ebfc8201f0,00060,2025-07-24,37.1,00003,ft^3/s,Provisional,,2025-07-25 10:08:05.489011+00:00
-118.148849411137,46.7584830972143,USGS-13351000,8b42a39cd2954849816ca3ebfc8201f0,00060,2025-07-23,39.3,00003,ft^3/s,Provisional,,2025-07-24 10:07:48.816627+00:00
-118.148849411137,46.7584830972143,USGS-13351000,8b42a39cd2954849816ca3ebfc8201f0,00060,2025-07-22,43.7,00003,ft^3/s,Provisional,,2025-07-23 10:07:41.781199+00:00
-118.148849411137,46.7584830972143,USGS-13351000,8b42a39cd2954849816ca3ebfc8201f0,00060,2025-07-21,39.6,00003,ft^3/s,Provisional,,2025-07-22 10:08:04.433971+00:00
-118.148849411137,46.7584830972143,USGS-13351000,8b42a39cd2954849816ca3ebfc8201f0,00060,2025-07-20,39.5,00003,ft^3/s,Provisional,,2025-07-21 10:07:43.284736+00:00
-118.148849411137,46.7584830972143,USGS-13351000,8b42a39cd2954849816ca3ebfc8201f0,00060,2025-07-19,41.9,00003,ft^3/s,Provisional,,2025-07-20 10:07:45.765111+00:00
-118.148849411137,46.7584830972143,USGS-13351000,8b42a39cd2954849816ca3ebfc8201f0,00060,2025-07-18,46.8,00003,ft^3/s,Provisional,,2025-07-19 10:08:03.103199+00:00
-118.148849411137,46.7584830972143,USGS-13351000,8b42a39cd2954849816ca3ebfc8201f0,00060,2025-07-17,45.7,00003,ft^3/s,Provisional,,2025-07-18 10:07:59.433351+00:00
-118.148849411137,46.7584830972143,USGS-13351000,8b42a39cd2954849816ca3ebfc8201f0,00060,2025-07-16,43.9,00003,ft^3/s,Provisional,,2025-07-17 10:08:05.885564+00:00
-118.148849411137,46.7584830972143,USGS-13351000,8b42a39cd2954849816ca3ebfc8201f0,00060,2025-07-15,43.8,00003,ft^3/s,Provisional,,2025-07-16 10:08:07.287392+00:00
-118.148849411137,46.7584830972143,USGS-13351000,8b42a39cd2954849816ca3ebfc8201f0,00060,2025-07-14,46.0,00003,ft^3/s,Provisional,,2025-07-15 10:07:41.981184+00:00
-118.148849411137,46.7584830972143,USGS-13351000,8b42a39cd2954849816ca3ebfc8201f0,00060,2025-07-13,46.2,00003,ft^3/s,Provisional,,2025-07-14 10:07:40.786017+00:00
-118.148849411137,46.7584830972143,USGS-13351000,8b42a39cd2954849816ca3ebfc8201f0,00060,2025-07-12,49.9,00003,ft^3/s,Provisional,,2025-07-13 10:07:47.103954+00:00
-118.148849411137,46.7584830972143,USGS-13351000,8b42a39cd2954849816ca3ebfc8201f0,00060,2025-07-11,55.1,00003,ft^3/s,Provisional,,2025-07-12 10:07:47.583497+00:00
-118.148849411137,46.7584830972143,USGS-13351000,8b42a39cd2954849816ca3ebfc8201f0,00060,2025-07-10,58.6,00003,ft^3/s,Provisional,,2025-07-11 10:08:03.830293+00:00
-118.148849411137,46.7584830972143,USGS-13351000,8b42a39cd2954849816ca3ebfc8201f0,00060,2025-07-09,58.5,00003,ft^3/s,Provisional,,2025-07-10 10:07:33.757151+00:00
-118.148849411137,46.7584830972143,USGS-13351000,8b42a39cd2954849816ca3ebfc8201f0,00060,2025-07-08,60.5,00003,ft^3/s,Provisional,,2025-07-09 10:07:29.790295+00:00
-118.148849411137,46.7584830972143,USGS-13351000,8b42a39cd2954849816ca3ebfc8201f0,00060,2025-07-07,64.6,00003,ft^3/s,Provisional,,2025-07-08 10:07:36.858419+00:00
-118.148849411137,46.7584830972143,USGS-13351000,8b42a39cd2954849816ca3ebfc8201f0,00060,2025-07-06,62.4,00003,ft^3/s,Provisional,,2025-07-07 10:07:59.623194+00:00
-118.148849411137,46.7584830972143,USGS-13351000,8b42a39cd2954849816ca3ebfc8201f0,00060,2025-07-05,63.6,00003,ft^3/s,Provisional,,2025-07-06 10:07:32.950275+00:00
-118.148849411137,46.7584830972143,USGS-13351000,8b42a39cd2954849816ca3ebfc8201f0,00060,2025-07-04,60.8,00003,ft^3/s,Provisional,,2025-07-06 01:23:25.645821+00:00
-118.148849411137,46.7584830972143,USGS-13351000,8b42a39cd2954849816ca3ebfc8201f0,00060,2025-07-03,58.6,00003,ft^3/s,Provisional,,2025-07-05 05:25:30.300833+00:00
-118.148849411137,46.7584830972143,USGS-13351000,8b42a39cd2954849816ca3ebfc8201f0,00060,2025-07-02,62.7,00003,ft^3/s,Provisional,,2025-07-03 10:08:06.610202+00:00
-118.148849411137,46.7584830972143,USGS-13351000,8b42a39cd2954849816ca3ebfc8201f0,00060,2025-07-01,64.0,00003,ft^3/s,Provisional,,2025-07-02 10:07:45.298488+00:00
-118.148849411137,46.7584830972143,USGS-13351000,8b42a39cd2954849816ca3ebfc8201f0,00060,2025-06-30,65.9,00003,ft^3/s,Provisional,,2025-07-01 10:08:06.017957+00:00
-118.148849411137,46.7584830972143,USGS-13351000,8b42a39cd2954849816ca3ebfc8201f0,00060,2025-06-29,67.8,00003,ft^3/s,Provisional,,2025-06-30 10:08:26.941629+00:00
-118.148849411137,46.7584830972143,USGS-13351000,8b42a39cd2954849816ca3ebfc8201f0,00060,2025-06-28,68.0,00003,ft^3/s,Provisional,,2025-06-29 10:07:31.823527+00:00
-118.148849411137,46.7584830972143,USGS-13351000,8b42a39cd2954849816ca3ebfc8201f0,00060,2025-06-27,68.9,00003,ft^3/s,Provisional,,2025-06-28 10:07:58.821363+00:00
-118.148849411137,46.7584830972143,USGS-13351000,8b42a39cd2954849816ca3ebfc8201f0,00060,2025-06-26,70.3,00003,ft^3/s,Provisional,,2025-06-27 10:07:46.264218+00:00
-118.148849411137,46.7584830972143,USGS-13351000,8b42a39cd2954849816ca3ebfc8201f0,00060,2025-06-25,75.8,00003,ft^3/s,Provisional,,2025-06-26 10:07:41.307814+00:00
-118.148849411137,46.7584830972143,USGS-13351000,8b42a39cd2954849816ca3ebfc8201f0,00060,2025-06-24,79.3,00003,ft^3/s,Provisional,,2025-06-25 10:07:44.794356+00:00
-118.148849411137,46.7584830972143,USGS-13351000,8b42a39cd2954849816ca3ebfc8201f0,00060,2025-06-23,86.7,00003,ft^3/s,Provisional,,2025-06-24 10:07:49.432190+00:00
-118.148849411137,46.7584830972143,USGS-13351000,8b42a39cd2954849816ca3ebfc8201f0,00060,2025-06-22,87.8,00003,ft^3/s,Provisional,,2025-06-23 10:07:49.234680+00:00
-118.148849411137,46.7584830972143,USGS-13351000,8b42a39cd2954849816ca3ebfc8201f0,00060,2025-06-21,89.1,00003,ft^3/s,Provisional,,2025-06-22 10:07:38.900398+00:00
-118.148849411137,46.7584830972143,USGS-13351000,8b42a39cd2954849816ca3ebfc8201f0,00060,2025-06-20,86.0,00003,ft^3/s,Provisional,,2025-06-21 10:07:48.351390+00:00
-118.148849411137,46.7584830972143,USGS-13351000,8b42a39cd2954849816ca3ebfc8201f0,00060,2025-06-19,85.8,00003,ft^3/s,Provisional,,2025-06-20 10:08:05.185252+00:00
-118.148849411137,46.7584830972143,USGS-13351000,8b42a39cd2954849816ca3ebfc8201f0,00060,2025-06-18,90.0,00003,ft^3/s,Provisional,,2025-06-19 10:08:07.247338+00:00
-118.148849411137,46.7584830972143,USGS-13351000,8b42a39cd2954849816ca3ebfc8201f0,00060,2025-06-17,91.0,00003,ft^3/s,Provisional,,2025-06-18 10:07:53.777139+00:00
-118.148849411137,46.7584830972143,USGS-13351000,8b42a39cd2954849816ca3ebfc8201f0,00060,2025-06-16,93.8,00003,ft^3/s,Provisional,,2025-06-17 10:08:05.280552+00:00
-118.148849411137,46.7584830972143,USGS-13351000,8b42a39cd2954849816ca3ebfc8201f0,00060,2025-06-15,94.6,00003,ft^3/s,Provisional,,2025-06-17 01:28:13.182986+00:00
-118.148849411137,46.7584830972143,USGS-13351000,8b42a39cd2954849816ca3ebfc8201f0,00060,2025-06-14,96.3,00003,ft^3/s,Approved,,2025-07-08 19:13:16.281525+00:00
-118.148849411137,46.7584830972143,USGS-13351000,8b42a39cd2954849816ca3ebfc8201f0,00060,2025-06-13,101,00003,ft^3/s,Approved,,2025-07-08 19:13:16.281525+00:00
-118.148849411137,46.7584830972143,USGS-13351000,8b42a39cd2954849816ca3ebfc8201f0,00060,2025-06-12,106,00003,ft^3/s,Approved,,2025-07-08 19:13:16.281525+00:00
-118.148849411137,46.7584830972143,USGS-13351000,8b42a39cd2954849816ca3ebfc8201f0,00060,2025-06-11,118,00003,ft^3/s,Approved,,2025-07-08 19:13:16.281525+00:00
-118.148849411137,46.7584830972143,USGS-13351000,8b42a39cd2954849816ca3ebfc8201f0,00060,2025-06-10,128,00003,ft^3/s,Approved,,2025-07-08 19:13:16.281525+00:00
-118.148849411137,46.7584830972143,USGS-13351000,8b42a39cd2954849816ca3ebfc8201f0,00060,2025-06-09,135,00003,ft^3/s,Approved,,2025-07-08 19:13:16.281525+00:00
-118.148849411137,46.7584830972143,USGS-13351000,8b42a39cd2954849816ca3ebfc8201f0,00060,2025-06-08,140,00003,ft^3/s,Approved,,2025-07-08 19:13:16.281525+00:00
-118.148849411137,46.7584830972143,USGS-13351000,8b42a39cd2954849816ca3ebfc8201f0,00060,2025-06-07,144,00003,ft^3/s,Approved,,2025-07-08 19:13:16.281525+00:00
-118.148849411137,46.7584830972143,USGS-13351000,8b42a39cd2954849816ca3ebfc8201f0,00060,2025-06-06,149,00003,ft^3/s,Approved,,2025-07-08 19:13:16.281525+00:00
-118.148849411137,46.7584830972143,USGS-13351000,8b42a39cd2954849816ca3ebfc8201f0,00060,2025-06-05,155,00003,ft^3/s,Approved,,2025-07-08 19:13:16.281525+00:00
-118.148849411137,46.7584830972143,USGS-13351000,8b42a39cd2954849816ca3ebfc8201f0,00060,2025-06-04,160,00003,ft^3/s,Approved,,2025-07-08 19:13:16.281525+00:00
-118.148849411137,46.7584830972143,USGS-13351000,8b42a39cd2954849816ca3ebfc8201f0,00060,2025-06-03,165,00003,ft^3/s,Approved,,2025-07-08 19:13:16.281525+00:00
-118.148849411137,46.7584830972143,USGS-13351000,8b42a39cd2954849816ca3ebfc8201f0,00060,2025-06-02,169,00003,ft^3/s,Approved,,2025-07-08 19:13:16.281525+00:00
-118.148849411137,46.7584830972143,USGS-13351000,8b42a39cd2954849816ca3ebfc8201f0,00060,2025-06-01,176,00003,ft^3/s,Approved,,2025-07-08 19:13:16.281525+00:00
-118.148849411137,46.7584830972143,USGS-13351000,8b42a39cd2954849816ca3ebfc8201f0,00060,2025-05-31,183,00003,ft^3/s,Approved,,2025-07-08 19:13:16.281525+00:00
-118.148849411137,46.7584830972143,USGS-13351000,8b42a39cd2954849816ca3ebfc8201f0,00060,2025-05-30,192,00003,ft^3/s,Approved,,2025-07-08 19:13:16.281525+00:00
-118.148849411137,46.7584830972143,USGS-13351000,8b42a39cd2954849816ca3ebfc8201f0,00060,2025-05-29,203,00003,ft^3/s,Approved,,2025-07-08 19:13:16.281525+00:00
-118.148849411137,46.7584830972143,USGS-13351000,8b42a39cd2954849816ca3ebfc8201f0,00060,2025-05-28,211,00003,ft^3/s,Approved,,2025-07-08 19:13:16.281525+00:00
-118.148849411137,46.7584830972143,USGS-13351000,8b42a39cd2954849816ca3ebfc8201f0,00060,2025-05-27,219,00003,ft^3/s,Approved,,2025-07-08 19:13:16.281525+00:00
-118.148849411137,46.7584830972143,USGS-13351000,8b42a39cd2954849816ca3ebfc8201f0,00060,2025-05-26,229,00003,ft^3/s,Approved,,2025-07-08 19:13:16.281525+00:00
-118.148849411137,46.7584830972143,USGS-13351000,8b42a39cd2954849816ca3ebfc8201f0,00060,2025-05-25,241,00003,ft^3/s,Approved,,2025-07-08 19:13:16.281525+00:00
-118.148849411137,46.7584830972143,USGS-13351000,8b42a39cd2954849816ca3ebfc8201f0,00060,2025-05-24,253,00003,ft^3/s,Approved,,2025-07-08 19:13:16.281525+00:00
-118.148849411137,46.7584830972143,USGS-13351000,8b42a39cd2954849816ca3ebfc8201f0,00060,2025-05-23,263,00003,ft^3/s,Approved,,2025-07-08 19:13:16.281525+00:00
-118.148849411137,46.7584830972143,USGS-13351000,8b42a39cd2954849816ca3ebfc8201f0,00060,2025-05-22,265,00003,ft^3/s,Approved,,2025-07-08 19:13:16.281525+00:00
-118.148849411137,46.7584830972143,USGS-13351000,8b42a39cd2954849816ca3ebfc8201f0,00060,2025-05-21,266,00003,ft^3/s,Approved,,2025-07-08 19:13:16.281525+00:00
-118.148849411137,46.7584830972143,USGS-13351000,8b42a39cd2954849816ca3ebfc8201f0,00060,2025-05-20,272,00003,ft^3/s,Approved,,2025-07-08 19:13:16.281525+00:00
-118.148849411137,46.7584830972143,USGS-13351000,8b42a39cd2954849816ca3ebfc8201f0,00060,2025-05-19,272,00003,ft^3/s,Approved,,2025-07-08 19:13:16.281525+00:00
-118.148849411137,46.7584830972143,USGS-13351000,8b42a39cd2954849816ca3ebfc8201f0,00060,2025-05-18,265,00003,ft^3/s,Approved,,2025-07-08 19:13:16.281525+00:00
-118.148849411137,46.7584830972143,USGS-13351000,8b42a39cd2954849816ca3ebfc8201f0,00060,2025-05-17,268,00003,ft^3/s,Approved,,2025-07-08 19:13:16.281525+00:00
-118.148849411137,46.7584830972143,USGS-13351000,8b42a39cd2954849816ca3ebfc8201f0,00060,2025-05-16,275,00003,ft^3/s,Approved,,2025-07-08 19:13:16.281525+00:00
-118.148849411137,46.7584830972143,USGS-13351000,8b42a39cd2954849816ca3ebfc8201f0,00060,2025-05-15,283,00003,ft^3/s,Approved,,2025-07-08 19:13:16.281525+00:00
-118.148849411137,46.7584830972143,USGS-13351000,8b42a39cd2954849816ca3ebfc8201f0,00060,2025-05-14,282,00003,ft^3/s,Approved,,2025-07-08 19:13:16.281525+00:00
-118.148849411137,46.7584830972143,USGS-13351000,8b42a39cd2954849816ca3ebfc8201f0,00060,2025-05-13,285,00003,ft^3/s,Approved,,2025-07-08 19:13:16.281525+00:00
-118.148849411137,46.7584830972143,USGS-13351000,8b42a39cd2954849816ca3ebfc8201f0,00060,2025-05-12,290,00003,ft^3/s,Approved,,2025-07-08 19:13:16.281525+00:00
-118.148849411137,46.7584830972143,USGS-13351000,8b42a39cd2954849816ca3ebfc8201f0,00060,2025-05-11,284,00003,ft^3/s,Approved,,2025-07-08 19:13:16.281525+00:00
-118.148849411137,46.7584830972143,USGS-13351000,8b42a39cd2954849816ca3ebfc8201f0,00060,2025-05-10,290,00003,ft^3/s,Approved,,2025-07-08 19:13:16.281525+00:00
-118.148849411137,46.7584830972143,USGS-13351000,8b42a39cd2954849816ca3ebfc8201f0,00060,2025-05-09,305,00003,ft^3/s,Approved,,2025-07-08 19:13:16.281525+00:00
-118.148849411137,46.7584830972143,USGS-13351000,8b42a39cd2954849816ca3ebfc8201f0,00060,2025-05-08,320,00003,ft^3/s,Approved,,2025-07-08 19:13:16.281525+00:00
-118.148849411137,46.7584830972143,USGS-13351000,8b42a39cd2954849816ca3ebfc8201f0,00060,2025-05-07,338,00003,ft^3/s,Approved,,2025-07-08 19:13:16.281525+00:00
-118.148849411137,46.7584830972143,USGS-13351000,8b42a39cd2954849816ca3ebfc8201f0,00060,2025-05-06,351,00003,ft^3/s,Approved,,2025-07-08 19:13:16.281525+00:00
-118.148849411137,46.7584830972143,USGS-13351000,8b42a39cd2954849816ca3ebfc8201f0,00060,2025-05-05,362,00003,ft^3/s,Approved,,2025-07-08 19:13:16.281525+00:00
-118.148849411137,46.7584830972143,USGS-13351000,8b42a39cd2954849816ca3ebfc8201f0,00060,2025-05-04,379,00003,ft^3/s,Approved,,2025-07-08 19:13:16.281525+00:00
-118.148849411137,46.7584830972143,USGS-13351000,8b42a39cd2954849816ca3ebfc8201f0,00060,2025-05-03,401,00003,ft^3/s,Approved,,2025-07-08 19:13:16.281525+00:00
-118.148849411137,46.7584830972143,USGS-13351000,8b42a39cd2954849816ca3ebfc8201f0,00060,2025-05-02,410,00003,ft^3/s,Approved,,2025-07-08 19:13:16.281525+00:00
-118.148849411137,46.7584830972143,USGS-13351000,8b42a39cd2954849816ca3ebfc8201f0,00060,2025-05-01,402,00003,ft^3/s,Approved,,2025-07-08 19:13:16.281525+00:00
-118.148849411137,46.7584830972143,USGS-13351000,8b42a39cd2954849816ca3ebfc8201f0,00060,2025-04-30,406,00003,ft^3/s,Approved,,2025-07-08 19:13:16.281525+00:00
-118.148849411137,46.7584830972143,USGS-13351000,8b42a39cd2954849816ca3ebfc8201f0,00060,2025-04-29,412,00003,ft^3/s,Approved,,2025-07-08 19:13:16.281525+00:00
-118.148849411137,46.7584830972143,USGS-13351000,8b42a39cd2954849816ca3ebfc8201f0,00060,2025-04-28,424,00003,ft^3/s,Approved,,2025-07-08 19:13:16.281525+00:00
-118.148849411137,46.7584830972143,USGS-13351000,8b42a39cd2954849816ca3ebfc8201f0,00060,2025-04-27,444,00003,ft^3/s,Approved,,2025-07-08 19:13:16.281525+00:00
-118.148849411137,46.7584830972143,USGS-13351000,8b42a39cd2954849816ca3ebfc8201f0,00060,2025-04-26,464,00003,ft^3/s,Approved,,2025-07-08 19:13:16.281525+00:00
-118.148849411137,46.7584830972143,USGS-13351000,8b42a39cd2954849816ca3ebfc8201f0,00060,2025-04-25,484,00003,ft^3/s,Approved,,2025-07-08 19:13:16.281525+00:00
-118.148849411137,46.7584830972143,USGS-13351000,8b42a39cd2954849816ca3ebfc8201f0,00060,2025-04-24,507,00003,ft^3/s,Approved,,2025-07-08 19:13:16.281525+00:00
-118.148849411137,46.7584830972143,USGS-13351000,8b42a39cd2954849816ca3ebfc8201f0,00060,2025-04-23,531,00003,ft^3/s,Approved,,2025-07-08 19:13:16.281525+00:00
-118.148849411137,46.7584830972143,USGS-13351000,8b42a39cd2954849816ca3ebfc8201f0,00060,2025-04-22,555,00003,ft^3/s,Approved,,2025-07-08 19:13:16.281525+00:00
-118.148849411137,46.7584830972143,USGS-13351000,8b42a39cd2954849816ca3ebfc8201f0,00060,2025-04-21,581,00003,ft^3/s,Approved,,2025-07-08 19:13:16.281525+00:00
-118.148849411137,46.7584830972143,USGS-13351000,8b42a39cd2954849816ca3ebfc8201f0,00060,2025-04-20,609,00003,ft^3/s,Approved,,2025-07-08 19:13:16.281525+00:00
-118.148849411137,46.7584830972143,USGS-13351000,8b42a39cd2954849816ca3ebfc8201f0,00060,2025-04-19,641,00003,ft^3/s,Approved,,2025-07-08 19:13:16.281525+00:00
-118.148849411137,46.7584830972143,USGS-13351000,8b42a39cd2954849816ca3ebfc8201f0,00060,2025-04-18,677,00003,ft^3/s,Approved,,2025-07-08 19:13:16.281525+00:00
-118.148849411137,46.7584830972143,USGS-13351000,8b42a39cd2954849816ca3ebfc8201f0,00060,2025-04-17,718,00003,ft^3/s,Approved,,2025-07-08 19:13:16.281525+00:00
-118.148849411137,46.7584830972143,USGS-13351000,8b42a39cd2954849816ca3ebfc8201f0,00060,2025-04-16,773,00003,ft^3/s,Approved,,2025-07-08 19:13:16.281525+00:00
-118.148849411137,46.7584830972143,USGS-13351000,8b42a39cd2954849816ca3ebfc8201f0,00060,2025-04-15,836,00003,ft^3/s,Approved,,2025-07-08 19:13:16.281525+00:00
-118.148849411137,46.7584830972143,USGS-13351000,8b42a39cd2954849816ca3ebfc8201f0,00060,2025-04-14,899,00003,ft^3/s,Approved,,2025-07-08 19:13:16.281525+00:00
-118.148849411137,46.7584830972143,USGS-13351000,8b42a39cd2954849816ca3ebfc8201f0,00060,2025-04-13,951,00003,ft^3/s,Approved,,2025-07-08 19:13:16.281525+00:00
-118.148849411137,46.7584830972143,USGS-13351000,8b42a39cd2954849816ca3ebfc8201f0,00060,2025-04-12,1010,00003,ft^3/s,Approved,,2025-07-08 19:13:16.281525+00:00
-118.148849411137,46.7584830972143,USGS-13351000,8b42a39cd2954849816ca3ebfc8201f0,00060,2025-04-11,1120,00003,ft^3/s,Approved,,2025-07-08 19:13:16.281525+00:00
-118.148849411137,46.7584830972143,USGS-13351000,8b42a39cd2954849816ca3ebfc8201f0,00060,2025-04-10,1220,00003,ft^3/s,Approved,,2025-07-08 19:13:16.281525+00:00
-118.148849411137,46.7584830972143,USGS-13351000,8b42a39cd2954849816ca3ebfc8201f0,00060,2025-04-09,1240,00003,ft^3/s,Approved,,2025-07-08 19:13:16.281525+00:00
-118.148849411137,46.7584830972143,USGS-13351000,8b42a39cd2954849816ca3ebfc8201f0,00060,2025-04-08,982,00003,ft^3/s,Approved,,2025-07-08 19:13:16.281525+00:00
-118.148849411137,46.7584830972143,USGS-13351000,8b42a39cd2954849816ca3ebfc8201f0,00060,2025-04-07,985,00003,ft^3/s,Approved,,2025-07-08 19:13:16.281525+00:00
-118.148849411137,46.7584830972143,USGS-13351000,8b42a39cd2954849816ca3ebfc8201f0,00060,2025-04-06,1060,00003,ft^3/s,Approved,,2025-07-08 19:13:16.281525+00:00
-118.148849411137,46.7584830972143,USGS-13351000,8b42a39cd2954849816ca3ebfc8201f0,00060,2025-04-05,1170,00003,ft^3/s,Approved,,2025-07-08 19:13:16.281525+00:00
-118.148849411137,46.7584830972143,USGS-13351000,8b42a39cd2954849816ca3ebfc8201f0,00060,2025-04-04,1290,00003,ft^3/s,Approved,,2025-07-08 19:13:16.281525+00:00
-118.148849411137,46.7584830972143,USGS-13351000,8b42a39cd2954849816ca3ebfc8201f0,00060,2025-04-03,1420,00003,ft^3/s,Approved,,2025-07-08 19:13:16.281525+00:00
-118.148849411137,46.7584830972143,USGS-13351000,8b42a39cd2954849816ca3ebfc8201f0,00060,2025-04-02,1530,00003,ft^3/s,Approved,,2025-07-08 19:13:16.281525+00:00
-118.148849411137,46.7584830972143,USGS-13351000,8b42a39cd2954849816ca3ebfc8201f0,00060,2025-04-01,1410,00003,ft^3/s,Approved,,2025-07-08 19:13:16.281525+00:00
-118.148849411137,46.7584830972143,USGS-13351000,8b42a39cd2954849816ca3ebfc8201f0,00060,2025-03-31,1540,00003,ft^3/s,Approved,,2025-07-08 19:13:16.281525+00:00
-118.148849411137,46.7584830972143,USGS-13351000,8b42a39cd2954849816ca3ebfc8201f0,00060,2025-03-30,1800,00003,ft^3/s,Approved,,2025-07-08 19:13:16.281525+00:00
-118.148849411137,46.7584830972143,USGS-13351000,8b42a39cd2954849816ca3ebfc8201f0,00060,2025-03-29,1910,00003,ft^3/s,Approved,,2025-07-08 19:13:16.281525+00:00
-118.148849411137,46.7584830972143,USGS-13351000,8b42a39cd2954849816ca3ebfc8201f0,00060,2025-03-28,1970,00003,ft^3/s,Approved,,2025-07-08 19:13:16.281525+00:00
-118.148849411137,46.7584830972143,USGS-13351000,8b42a39cd2954849816ca3ebfc8201f0,00060,2025-03-27,2010,00003,ft^3/s,Approved,,2025-07-08 19:13:16.281525+00:00
-118.148849411137,46.7584830972143,USGS-13351000,8b42a39cd2954849816ca3ebfc8201f0,00060,2025-03-26,2090,00003,ft^3/s,Approved,,2025-07-08 19:13:16.281525+00:00
-118.148849411137,46.7584830972143,USGS-13351000,8b42a39cd2954849816ca3ebfc8201f0,00060,2025-03-25,2230,00003,ft^3/s,Approved,,2025-07-08 19:13:16.281525+00:00
-118.148849411137,46.7584830972143,USGS-13351000,8b42a39cd2954849816ca3ebfc8201f0,00060,2025-03-24,1960,00003,ft^3/s,Approved,,2025-07-08 19:13:16.281525+00:00
-118.148849411137,46.7584830972143,USGS-13351000,8b42a39cd2954849816ca3ebfc8201f0,00060,2025-03-23,1760,00003,ft^3/s,Approved,,2025-07-08 19:13:16.281525+00:00
-118.148849411137,46.7584830972143,USGS-13351000,8b42a39cd2954849816ca3ebfc8201f0,00060,2025-03-22,1180,00003,ft^3/s,Approved,,2025-07-08 19:13:16.281525+00:00
-118.148849411137,46.7584830972143,USGS-13351000,8b42a39cd2954849816ca3ebfc8201f0,00060,2025-03-21,1110,00003,ft^3/s,Approved,,2025-07-08 19:13:16.281525+00:00
-118.148849411137,46.7584830972143,USGS-13351000,8b42a39cd2954849816ca3ebfc8201f0,00060,2025-03-20,1210,00003,ft^3/s,Approved,,2025-07-08 19:13:16.281525+00:00
-118.148849411137,46.7584830972143,USGS-13351000,8b42a39cd2954849816ca3ebfc8201f0,00060,2025-03-19,1420,00003,ft^3/s,Approved,,2025-07-08 19:13:16.281525+00:00
-118.148849411137,46.7584830972143,USGS-13351000,8b42a39cd2954849816ca3ebfc8201f0,00060,2025-03-18,1440,00003,ft^3/s,Approved,,2025-07-08 19:13:16.281525+00:00
-118.148849411137,46.7584830972143,USGS-13351000,8b42a39cd2954849816ca3ebfc8201f0,00060,2025-03-17,1360,00003,ft^3/s,Approved,,2025-07-08 19:13:16.281525+00:00
-118.148849411137,46.7584830972143,USGS-13351000,8b42a39cd2954849816ca3ebfc8201f0,00060,2025-03-16,1290,00003,ft^3/s,Approved,,2025-07-08 19:13:16.281525+00:00
-118.148849411137,46.7584830972143,USGS-13351000,8b42a39cd2954849816ca3ebfc8201f0,00060,2025-03-15,1340,00003,ft^3/s,Approved,,2025-07-08 19:13:16.281525+00:00
-118.148849411137,46.7584830972143,USGS-13351000,8b42a39cd2954849816ca3ebfc8201f0,00060,2025-03-14,1360,00003,ft^3/s,Approved,,2025-07-08 19:13:16.281525+00:00
-118.148849411137,46.7584830972143,USGS-13351000,8b42a39cd2954849816ca3ebfc8201f0,00060,2025-03-13,1170,00003,ft^3/s,Approved,,2025-07-08 19:13:16.281525+00:00
-118.148849411137,46.7584830972143,USGS-13351000,8b42a39cd2954849816ca3ebfc8201f0,00060,2025-03-12,1110,00003,ft^3/s,Approved,,2025-07-08 19:13:16.281525+00:00
-118.148849411137,46.7584830972143,USGS-13351000,8b42a39cd2954849816ca3ebfc8201f0,00060,2025-03-11,1060,00003,ft^3/s,Approved,,2025-07-08 19:13:16.281525+00:00
-118.148849411137,46.7584830972143,USGS-13351000,8b42a39cd2954849816ca3ebfc8201f0,00060,2025-03-10,1130,00003,ft^3/s,Approved,,2025-07-08 19:13:16.281525+00:00
-118.148849411137,46.7584830972143,USGS-13351000,8b42a39cd2954849816ca3ebfc8201f0,00060,2025-03-09,1250,00003,ft^3/s,Approved,,2025-07-08 19:13:16.281525+00:00
-118.148849411137,46.7584830972143,USGS-13351000,8b42a39cd2954849816ca3ebfc8201f0,00060,2025-03-08,1410,00003,ft^3/s,Approved,,2025-07-08 19:13:16.281525+00:00
-118.148849411137,46.7584830972143,USGS-13351000,8b42a39cd2954849816ca3ebfc8201f0,00060,2025-03-07,1590,00003,ft^3/s,Approved,,2025-07-08 19:13:16.281525+00:00
-118.148849411137,46.7584830972143,USGS-13351000,8b42a39cd2954849816ca3ebfc8201f0,00060,2025-03-06,1770,00003,ft^3/s,Approved,,2025-07-08 19:13:16.281525+00:00
-118.148849411137,46.7584830972143,USGS-13351000,8b42a39cd2954849816ca3ebfc8201f0,00060,2025-03-05,1890,00003,ft^3/s,Approved,,2025-07-08 19:13:16.281525+00:00
-118.148849411137,46.7584830972143,USGS-13351000,8b42a39cd2954849816ca3ebfc8201f0,00060,2025-03-04,2030,00003,ft^3/s,Approved,,2025-07-08 19:13:16.281525+00:00
-118.148849411137,46.7584830972143,USGS-13351000,8b42a39cd2954849816ca3ebfc8201f0,00060,2025-03-03,2170,00003,ft^3/s,Approved,,2025-07-08 19:13:16.281525+00:00
-118.148849411137,46.7584830972143,USGS-13351000,8b42a39cd2954849816ca3ebfc8201f0,00060,2025-03-02,2350,00003,ft^3/s,Approved,,2025-07-08 19:13:16.281525+00:00
-118.148849411137,46.7584830972143,USGS-13351000,8b42a39cd2954849816ca3ebfc8201f0,00060,2025-03-01,2650,00003,ft^3/s,Approved,,2025-07-08 19:13:16.281525+00:00
-118.148849411137,46.7584830972143,USGS-13351000,8b42a39cd2954849816ca3ebfc8201f0,00060,2025-02-28,3140,00003,ft^3/s,Approved,,2025-07-08 19:13:16.281525+00:00
-118.148849411137,46.7584830972143,USGS-13351000,8b42a39cd2954849816ca3ebfc8201f0,00060,2025-02-27,3960,00003,ft^3/s,Approved,,2025-07-08 19:13:16.281525+00:00
-118.148849411137,46.7584830972143,USGS-13351000,8b42a39cd2954849816ca3ebfc8201f0,00060,2025-02-26,5710,00003,ft^3/s,Approved,,2025-07-08 19:13:16.281525+00:00
-118.148849411137,46.7584830972143,USGS-13351000,8b42a39cd2954849816ca3ebfc8201f0,00060,2025-02-25,9340,00003,ft^3/s,Approved,,2025-07-08 19:13:16.281525+00:00
-118.148849411137,46.7584830972143,USGS-13351000,8b42a39cd2954849816ca3ebfc8201f0,00060,2025-02-24,12000,00003,ft^3/s,Approved,,2025-07-08 19:13:16.281525+00:00
-118.148849411137,46.7584830972143,USGS-13351000,8b42a39cd2954849816ca3ebfc8201f0,00060,2025-02-23,4430,00003,ft^3/s,Approved,,2025-04-29 23:15:09.340907+00:00
-118.148849411137,46.7584830972143,USGS-13351000,8b42a39cd2954849816ca3ebfc8201f0,00060,2025-02-22,833,00003,ft^3/s,Approved,,2025-04-29 23:15:09.340907+00:00
-118.148849411137,46.7584830972143,USGS-13351000,8b42a39cd2954849816ca3ebfc8201f0,00060,2025-02-21,737,00003,ft^3/s,Approved,,2025-04-29 23:15:09.340907+00:00
-118.148849411137,46.7584830972143,USGS-13351000,8b42a39cd2954849816ca3ebfc8201f0,00060,2025-02-20,441,00003,ft^3/s,Approved,,2025-04-29 23:15:09.340907+00:00
-118.148849411137,46.7584830972143,USGS-13351000,8b42a39cd2954849816ca3ebfc8201f0,00060,2025-02-19,265,00003,ft^3/s,Approved,,2025-04-29 23:15:09.340907+00:00
-118.148849411137,46.7584830972143,USGS-13351000,8b42a39cd2954849816ca3ebfc8201f0,00060,2025-02-18,248,00003,ft^3/s,Approved,,2025-04-29 23:15:09.340907+00:00
-118.148849411137,46.7584830972143,USGS-13351000,8b42a39cd2954849816ca3ebfc8201f0,00060,2025-02-17,247,00003,ft^3/s,Approved,,2025-04-29 23:15:09.340907+00:00
-118.148849411137,46.7584830972143,USGS-13351000,8b42a39cd2954849816ca3ebfc8201f0,00060,2025-02-16,255,00003,ft^3/s,Approved,,2025-04-29 23:15:09.340907+00:00
-118.148849411137,46.7584830972143,USGS-13351000,8b42a39cd2954849816ca3ebfc8201f0,00060,2025-02-15,239,00003,ft^3/s,Approved,,2025-04-29 23:15:09.340907+00:00
-118.148849411137,46.7584830972143,USGS-13351000,8b42a39cd2954849816ca3ebfc8201f0,00060,2025-02-14,185,00003,ft^3/s,Approved,,2025-04-29 23:15:09.340907+00:00
-118.148849411137,46.7584830972143,USGS-13351000,8b42a39cd2954849816ca3ebfc8201f0,00060,2025-02-13,179,00003,ft^3/s,Approved,,2025-04-29 23:15:09.340907+00:00
-118.148849411137,46.7584830972143,USGS-13351000,8b42a39cd2954849816ca3ebfc8201f0,00060,2025-02-12,185,00003,ft^3/s,Approved,,2025-04-29 23:15:09.340907+00:00
-118.148849411137,46.7584830972143,USGS-13351000,8b42a39cd2954849816ca3ebfc8201f0,00060,2025-02-11,206,00003,ft^3/s,Approved,,2025-04-29 23:15:09.340907+00:00
-118.148849411137,46.7584830972143,USGS-13351000,8b42a39cd2954849816ca3ebfc8201f0,00060,2025-02-10,248,00003,ft^3/s,Approved,,2025-04-29 23:15:09.340907+00:00
-118.148849411137,46.7584830972143,USGS-13351000,8b42a39cd2954849816ca3ebfc8201f0,00060,2025-02-09,260,00003,ft^3/s,Approved,,2025-04-29 23:15:09.340907+00:00
-118.148849411137,46.7584830972143,USGS-13351000,8b42a39cd2954849816ca3ebfc8201f0,00060,2025-02-08,263,00003,ft^3/s,Approved,,2025-04-29 23:15:09.340907+00:00
-118.148849411137,46.7584830972143,USGS-13351000,8b42a39cd2954849816ca3ebfc8201f0,00060,2025-02-07,270,00003,ft^3/s,Approved,,2025-04-29 23:15:09.340907+00:00
-118.148849411137,46.7584830972143,USGS-13351000,8b42a39cd2954849816ca3ebfc8201f0,00060,2025-02-06,281,00003,ft^3/s,Approved,,2025-04-29 23:15:09.340907+00:00
-118.148849411137,46.7584830972143,USGS-13351000,8b42a39cd2954849816ca3ebfc8201f0,00060,2025-02-05,304,00003,ft^3/s,Approved,,2025-04-29 23:15:09.340907+00:00
-118.148849411137,46.7584830972143,USGS-13351000,8b42a39cd2954849816ca3ebfc8201f0,00060,2025-02-04,349,00003,ft^3/s,Approved,,2025-04-29 23:15:09.340907+00:00
-118.148849411137,46.7584830972143,USGS-13351000,8b42a39cd2954849816ca3ebfc8201f0,00060,2025-02-03,345,00003,ft^3/s,Approved,,2025-04-29 23:15:09.340907+00:00
-118.148849411137,46.7584830972143,USGS-13351000,8b42a39cd2954849816ca3ebfc8201f0,00060,2025-02-02,289,00003,ft^3/s,Approved,,2025-04-29 23:15:09.340907+00:00
-118.148849411137,46.7584830972143,USGS-13351000,8b42a39cd2954849816ca3ebfc8201f0,00060,2025-02-01,270,00003,ft^3/s,Approved,,2025-04-29 23:15:09.340907+00:00
-118.148849411137,46.7584830972143,USGS-13351000,8b42a39cd2954849816ca3ebfc8201f0,00060,2025-01-31,245,00003,ft^3/s,Approved,,2025-04-29 23:15:09.340907+00:00
-118.148849411137,46.7584830972143,USGS-13351000,8b42a39cd2954849816ca3ebfc8201f0,00060,2025-01-30,228,00003,ft^3/s,Approved,,2025-04-29 23:15:09.340907+00:00
-118.148849411137,46.7584830972143,USGS-13351000,8b42a39cd2954849816ca3ebfc8201f0,00060,2025-01-29,234,00003,ft^3/s,Approved,,2025-04-29 23:15:09.340907+00:00
-118.148849411137,46.7584830972143,USGS-13351000,8b42a39cd2954849816ca3ebfc8201f0,00060,2025-01-28,243,00003,ft^3/s,Approved,,2025-04-29 23:15:09.340907+00:00
-118.148849411137,46.7584830972143,USGS-13351000,8b42a39cd2954849816ca3ebfc8201f0,00060,2025-01-27,247,00003,ft^3/s,Approved,,2025-04-29 23:15:09.340907+00:00
-118.148849411137,46.7584830972143,USGS-13351000,8b42a39cd2954849816ca3ebfc8201f0,00060,2025-01-26,261,00003,ft^3/s,Approved,,2025-04-29 23:15:09.340907+00:00
-118.148849411137,46.7584830972143,USGS-13351000,8b42a39cd2954849816ca3ebfc8201f0,00060,2025-01-25,286,00003,ft^3/s,Approved,,2025-04-29 23:15:09.340907+00:00
-118.148849411137,46.7584830972143,USGS-13351000,8b42a39cd2954849816ca3ebfc8201f0,00060,2025-01-24,293,00003,ft^3/s,Approved,,2025-04-29 23:15:09.340907+00:00
-118.148849411137,46.7584830972143,USGS-13351000,8b42a39cd2954849816ca3ebfc8201f0,00060,2025-01-23,285,00003,ft^3/s,Approved,,2025-04-29 23:15:09.340907+00:00
-118.148849411137,46.7584830972143,USGS-13351000,8b42a39cd2954849816ca3ebfc8201f0,00060,2025-01-22,287,00003,ft^3/s,Approved,,2025-04-29 23:15:09.340907+00:00
-118.148849411137,46.7584830972143,USGS-13351000,8b42a39cd2954849816ca3ebfc8201f0,00060,2025-01-21,316,00003,ft^3/s,Approved,,2025-04-29 23:15:09.340907+00:00
-118.148849411137,46.7584830972143,USGS-13351000,8b42a39cd2954849816ca3ebfc8201f0,00060,2025-01-20,360,00003,ft^3/s,Approved,,2025-04-29 23:15:09.340907+00:00
-118.148849411137,46.7584830972143,USGS-13351000,8b42a39cd2954849816ca3ebfc8201f0,00060,2025-01-19,404,00003,ft^3/s,Approved,,2025-04-29 23:15:09.340907+00:00
-118.148849411137,46.7584830972143,USGS-13351000,8b42a39cd2954849816ca3ebfc8201f0,00060,2025-01-18,418,00003,ft^3/s,Approved,,2025-04-29 23:15:09.340907+00:00
-118.148849411137,46.7584830972143,USGS-13351000,8b42a39cd2954849816ca3ebfc8201f0,00060,2025-01-17,441,00003,ft^3/s,Approved,,2025-04-29 23:15:09.340907+00:00
-118.148849411137,46.7584830972143,USGS-13351000,8b42a39cd2954849816ca3ebfc8201f0,00060,2025-01-16,475,00003,ft^3/s,Approved,,2025-04-29 23:15:09.340907+00:00
-118.148849411137,46.7584830972143,USGS-13351000,8b42a39cd2954849816ca3ebfc8201f0,00060,2025-01-15,512,00003,ft^3/s,Approved,,2025-04-29 23:15:09.340907+00:00
-118.148849411137,46.7584830972143,USGS-13351000,8b42a39cd2954849816ca3ebfc8201f0,00060,2025-01-14,553,00003,ft^3/s,Approved,,2025-04-29 23:15:09.340907+00:00
-118.148849411137,46.7584830972143,USGS-13351000,8b42a39cd2954849816ca3ebfc8201f0,00060,2025-01-13,580,00003,ft^3/s,Approved,,2025-04-29 23:15:09.340907+00:00
-118.148849411137,46.7584830972143,USGS-13351000,8b42a39cd2954849816ca3ebfc8201f0,00060,2025-01-12,606,00003,ft^3/s,Approved,,2025-04-29 23:15:09.340907+00:00
-118.148849411137,46.7584830972143,USGS-13351000,8b42a39cd2954849816ca3ebfc8201f0,00060,2025-01-11,665,00003,ft^3/s,Approved,,2025-04-29 23:15:09.340907+00:00
-118.148849411137,46.7584830972143,USGS-13351000,8b42a39cd2954849816ca3ebfc8201f0,00060,2025-01-10,745,00003,ft^3/s,Approved,,2025-04-29 23:15:09.340907+00:00
-118.148849411137,46.7584830972143,USGS-13351000,8b42a39cd2954849816ca3ebfc8201f0,00060,2025-01-09,872,00003,ft^3/s,Approved,,2025-04-29 23:15:09.340907+00:00
-118.148849411137,46.7584830972143,USGS-13351000,8b42a39cd2954849816ca3ebfc8201f0,00060,2025-01-08,1100,00003,ft^3/s,Approved,,2025-04-29 23:15:09.340907+00:00
-118.148849411137,46.7584830972143,USGS-13351000,8b42a39cd2954849816ca3ebfc8201f0,00060,2025-01-07,1450,00003,ft^3/s,Approved,,2025-04-29 23:15:09.340907+00:00
-118.148849411137,46.7584830972143,USGS-13351000,8b42a39cd2954849816ca3ebfc8201f0,00060,2025-01-06,1360,00003,ft^3/s,Approved,,2025-04-29 23:15:09.340907+00:00
-118.148849411137,46.7584830972143,USGS-13351000,8b42a39cd2954849816ca3ebfc8201f0,00060,2025-01-05,1030,00003,ft^3/s,Approved,,2025-04-29 23:15:09.340907+00:00
-118.148849411137,46.7584830972143,USGS-13351000,8b42a39cd2954849816ca3ebfc8201f0,00060,2025-01-04,530,00003,ft^3/s,Approved,,2025-04-29 23:15:09.340907+00:00
-118.148849411137,46.7584830972143,USGS-13351000,8b42a39cd2954849816ca3ebfc8201f0,00060,2025-01-03,560,00003,ft^3/s,Approved,,2025-04-29 23:15:09.340907+00:00
-118.148849411137,46.7584830972143,USGS-13351000,8b42a39cd2954849816ca3ebfc8201f0,00060,2025-01-02,665,00003,ft^3/s,Approved,,2025-04-29 23:15:09.340907+00:00
-118.148849411137,46.7584830972143,USGS-13351000,8b42a39cd2954849816ca3ebfc8201f0,00060,2025-01-01,885,00003,ft^3/s,Approved,,2025-04-29 23:15:09.340907+00:00
-118.148849411137,46.7584830972143,USGS-13351000,8b42a39cd2954849816ca3ebfc8201f0,00060,2024-12-31,833,00003,ft^3/s,Approved,,2025-04-29 23:15:09.340907+00:00
-118.148849411137,46.7584830972143,USGS-13351000,8b42a39cd2954849816ca3ebfc8201f0,00060,2024-12-30,705,00003,ft^3/s,Approved,,2025-04-29 23:15:09.340907+00:00
-118.148849411137,46.7584830972143,USGS-13351000,8b42a39cd2954849816ca3ebfc8201f0,00060,2024-12-29,541,00003,ft^3/s,Approved,,2025-04-29 23:15:09.340907+00:00
-118.148849411137,46.7584830972143,USGS-13351000,8b42a39cd2954849816ca3ebfc8201f0,00060,2024-12-28,452,00003,ft^3/s,Approved,,2025-04-29 23:15:09.340907+00:00
-118.148849411137,46.7584830972143,USGS-13351000,8b42a39cd2954849816ca3ebfc8201f0,00060,2024-12-27,495,00003,ft^3/s,Approved,,2025-04-29 23:15:09.340907+00:00
-118.148849411137,46.7584830972143,USGS-13351000,8b42a39cd2954849816ca3ebfc8201f0,00060,2024-12-26,408,00003,ft^3/s,Approved,,2025-04-29 23:15:09.340907+00:00
-118.148849411137,46.7584830972143,USGS-13351000,8b42a39cd2954849816ca3ebfc8201f0,00060,2024-12-25,297,00003,ft^3/s,Approved,,2025-04-29 23:15:09.340907+00:00
-118.148849411137,46.7584830972143,USGS-13351000,8b42a39cd2954849816ca3ebfc8201f0,00060,2024-12-24,229,00003,ft^3/s,Approved,,2025-04-29 23:15:09.340907+00:00
-118.148849411137,46.7584830972143,USGS-13351000,8b42a39cd2954849816ca3ebfc8201f0,00060,2024-12-23,228,00003,ft^3/s,Approved,,2025-04-29 23:15:09.340907+00:00
-118.148849411137,46.7584830972143,USGS-13351000,8b42a39cd2954849816ca3ebfc8201f0,00060,2024-12-22,265,00003,ft^3/s,Approved,,2025-04-29 23:15:09.340907+00:00
-118.148849411137,46.7584830972143,USGS-13351000,8b42a39cd2954849816ca3ebfc8201f0,00060,2024-12-21,229,00003,ft^3/s,Approved,,2025-04-29 23:15:09.340907+00:00
-118.148849411137,46.7584830972143,USGS-13351000,8b42a39cd2954849816ca3ebfc8201f0,00060,2024-12-20,161,00003,ft^3/s,Approved,,2025-04-29 23:15:09.340907+00:00
-118.148849411137,46.7584830972143,USGS-13351000,8b42a39cd2954849816ca3ebfc8201f0,00060,2024-12-19,150,00003,ft^3/s,Approved,,2025-04-29 23:15:09.340907+00:00
-118.148849411137,46.7584830972143,USGS-13351000,8b42a39cd2954849816ca3ebfc8201f0,00060,2024-12-18,138,00003,ft^3/s,Approved,,2025-04-29 23:15:09.340907+00:00
-118.148849411137,46.7584830972143,USGS-13351000,8b42a39cd2954849816ca3ebfc8201f0,00060,2024-12-17,127,00003,ft^3/s,Approved,,2025-04-29 23:15:09.340907+00:00
-118.148849411137,46.7584830972143,USGS-13351000,8b42a39cd2954849816ca3ebfc8201f0,00060,2024-12-16,117,00003,ft^3/s,Approved,,2025-04-29 23:15:09.340907+00:00
-118.148849411137,46.7584830972143,USGS-13351000,8b42a39cd2954849816ca3ebfc8201f0,00060,2024-12-15,118,00003,ft^3/s,Approved,,2025-04-29 23:15:09.340907+00:00
-118.148849411137,46.7584830972143,USGS-13351000,8b42a39cd2954849816ca3ebfc8201f0,00060,2024-12-14,124,00003,ft^3/s,Approved,,2025-04-29 23:15:09.340907+00:00
-118.148849411137,46.7584830972143,USGS-13351000,8b42a39cd2954849816ca3ebfc8201f0,00060,2024-12-13,130,00003,ft^3/s,Approved,,2025-04-29 23:15:09.340907+00:00
-118.148849411137,46.7584830972143,USGS-13351000,8b42a39cd2954849816ca3ebfc8201f0,00060,2024-12-12,117,00003,ft^3/s,Approved,,2025-04-29 23:15:09.340907+00:00
-118.148849411137,46.7584830972143,USGS-13351000,8b42a39cd2954849816ca3ebfc8201f0,00060,2024-12-11,107,00003,ft^3/s,Approved,,2025-04-29 23:15:09.340907+00:00
-118.148849411137,46.7584830972143,USGS-13351000,8b42a39cd2954849816ca3ebfc8201f0,00060,2024-12-10,101,00003,ft^3/s,Approved,,2025-04-29 23:15:09.340907+00:00
-118.148849411137,46.7584830972143,USGS-13351000,8b42a39cd2954849816ca3ebfc8201f0,00060,2024-12-09,101,00003,ft^3/s,Approved,,2025-04-29 23:15:09.340907+00:00
-118.148849411137,46.7584830972143,USGS-13351000,8b42a39cd2954849816ca3ebfc8201f0,00060,2024-12-08,101,00003,ft^3/s,Approved,,2025-04-21 20:22:29.981624+00:00
-118.148849411137,46.7584830972143,USGS-13351000,8b42a39cd2954849816ca3ebfc8201f0,00060,2024-12-07,100,00003,ft^3/s,Approved,,2025-04-21 20:22:29.981624+00:00
-118.148849411137,46.7584830972143,USGS-13351000,8b42a39cd2954849816ca3ebfc8201f0,00060,2024-12-06,102,00003,ft^3/s,Approved,,2025-04-21 20:22:29.981624+00:00
-118.148849411137,46.7584830972143,USGS-13351000,8b42a39cd2954849816ca3ebfc8201f0,00060,2024-12-05,105,00003,ft^3/s,Approved,,2025-04-21 20:22:29.981624+00:00
-118.148849411137,46.7584830972143,USGS-13351000,8b42a39cd2954849816ca3ebfc8201f0,00060,2024-12-04,110,00003,ft^3/s,Approved,,2025-04-21 20:22:29.981624+00:00
-118.148849411137,46.7584830972143,USGS-13351000,8b42a39cd2954849816ca3ebfc8201f0,00060,2024-12-03,116,00003,ft^3/s,Approved,,2025-04-21 20:22:29.981624+00:00
-118.148849411137,46.7584830972143,USGS-13351000,8b42a39cd2954849816ca3ebfc8201f0,00060,2024-12-02,124,00003,ft^3/s,Approved,,2025-04-21 20:22:29.981624+00:00
-118.148849411137,46.7584830972143,USGS-13351000,8b42a39cd2954849816ca3ebfc8201f0,00060,2024-12-01,135,00003,ft^3/s,Approved,,2025-04-21 20:22:29.981624+00:00
-118.148849411137,46.7584830972143,USGS-13351000,8b42a39cd2954849816ca3ebfc8201f0,00060,2024-11-30,151,00003,ft^3/s,Approved,,2025-04-21 20:22:29.981624+00:00
-118.148849411137,46.7584830972143,USGS-13351000,8b42a39cd2954849816ca3ebfc8201f0,00060,2024-11-29,174,00003,ft^3/s,Approved,,2025-04-21 20:22:29.981624+00:00
-118.148849411137,46.7584830972143,USGS-13351000,8b42a39cd2954849816ca3ebfc8201f0,00060,2024-11-28,210,00003,ft^3/s,Approved,,2025-04-21 20:22:29.981624+00:00
-118.148849411137,46.7584830972143,USGS-13351000,8b42a39cd2954849816ca3ebfc8201f0,00060,2024-11-27,275,00003,ft^3/s,Approved,,2025-04-21 20:22:29.981624+00:00
-118.148849411137,46.7584830972143,USGS-13351000,8b42a39cd2954849816ca3ebfc8201f0,00060,2024-11-26,380,00003,ft^3/s,Approved,,2025-04-21 20:22:29.981624+00:00
-118.148849411137,46.7584830972143,USGS-13351000,8b42a39cd2954849816ca3ebfc8201f0,00060,2024-11-25,275,00003,ft^3/s,Approved,,2025-04-21 20:22:29.981624+00:00
-118.148849411137,46.7584830972143,USGS-13351000,8b42a39cd2954849816ca3ebfc8201f0,00060,2024-11-24,144,00003,ft^3/s,Approved,,2025-04-21 20:22:29.981624+00:00
-118.148849411137,46.7584830972143,USGS-13351000,8b42a39cd2954849816ca3ebfc8201f0,00060,2024-11-23,139,00003,ft^3/s,Approved,,2025-04-21 20:22:29.981624+00:00
-118.148849411137,46.7584830972143,USGS-13351000,8b42a39cd2954849816ca3ebfc8201f0,00060,2024-11-22,140,00003,ft^3/s,Approved,,2025-04-21 20:22:29.981624+00:00
-118.148849411137,46.7584830972143,USGS-13351000,8b42a39cd2954849816ca3ebfc8201f0,00060,2024-11-21,138,00003,ft^3/s,Approved,,2025-04-21 20:22:29.981624+00:00
-118.148849411137,46.7584830972143,USGS-13351000,8b42a39cd2954849816ca3ebfc8201f0,00060,2024-11-20,154,00003,ft^3/s,Approved,,2025-04-21 20:22:29.981624+00:00
-118.148849411137,46.7584830972143,USGS-13351000,8b42a39cd2954849816ca3ebfc8201f0,00060,2024-11-19,116,00003,ft^3/s,Approved,,2025-04-21 20:22:29.981624+00:00
-118.148849411137,46.7584830972143,USGS-13351000,8b42a39cd2954849816ca3ebfc8201f0,00060,2024-11-18,89.0,00003,ft^3/s,Approved,,2025-04-21 20:22:29.981624+00:00
